{
  "properties": {
    "connectionReferences": {
      "shared_commondataserviceforapps": {
        "runtimeSource": "embedded",
        "connection": {
          "connectionReferenceLogicalName": "pc_sharedcommondataserviceforapps_a8d45"
        },
        "api": {
          "name": "shared_commondataserviceforapps"
        }
      }
    },
    "definition": {
      "$schema": "https://schema.management.azure.com/providers/Microsoft.Logic/schemas/2016-06-01/workflowdefinition.json#",
      "contentVersion": "1.0.0.0",
      "parameters": {
        "$connections": {
          "defaultValue": {},
          "type": "Object"
        },
        "$authentication": {
          "defaultValue": {},
          "type": "SecureObject"
        }
      },
      "triggers": {
        "manual": {
          "metadata": {
            "operationMetadataId": "4053785b-e85b-4469-bbe9-b429cb5d84df"
          },
          "type": "Request",
          "kind": "PowerApp",
          "inputs": {
            "schema": {
              "type": "object",
              "properties": {
                "jobData_Inputs": {
                  "type": "any",
                  "description": "Inputs",
                  "x-ms-powerflows-param-ispartial": false
                },
                "additionalComment_Inputs": {
                  "type": "any",
                  "description": "Inputs",
                  "x-ms-powerflows-param-ispartial": false
                },
                "jobId_Inputs": {
                  "type": "any",
                  "description": "Inputs",
                  "x-ms-powerflows-param-ispartial": false
                }
              },
              "required": [
                "jobData_Inputs",
                "additionalComment_Inputs",
                "jobId_Inputs"
              ]
            }
          }
        }
      },
      "actions": {
        "jobData": {
          "runAfter": {},
          "metadata": {
            "operationMetadataId": "c602a84a-e61d-4a20-bf41-e4e8f10031bb"
          },
          "type": "Compose",
          "inputs": "@triggerBody()['jobData_Inputs']"
        },
        "additionalComment": {
          "runAfter": {
            "jobData": [
              "Succeeded"
            ]
          },
          "metadata": {
            "operationMetadataId": "0c5b325f-1e64-43ed-8438-32b27b2ef76f"
          },
          "type": "Compose",
          "inputs": "@triggerBody()['additionalComment_Inputs']"
        },
        "Create_text_with_GPT": {
          "runAfter": {
            "jobId": [
              "Succeeded"
            ]
          },
          "metadata": {
            "operationMetadataId": "425ffca2-3dea-46bb-bc38-6dd80a3bf0b2",
            "flowSystemMetadata": {
              "portalOperationId": "aibuilderpredict_gptpromptengineering",
              "portalOperationGroup": "aibuilder",
              "portalOperationApiDisplayNameOverride": "AI Builder",
              "portalOperationIconOverride": "https://content.powerapps.com/resource/makerx/static/pauto/images/designeroperations/aiBuilderNew.51dbdb6b.png",
              "portalOperationBrandColorOverride": "#0A76C4",
              "portalOperationApiTierOverride": "Standard"
            }
          },
          "type": "OpenApiConnection",
          "inputs": {
            "host": {
              "connectionName": "shared_commondataserviceforapps",
              "operationId": "aibuilderpredict_gptpromptengineering",
              "apiId": "/providers/Microsoft.PowerApps/apis/shared_commondataserviceforapps"
            },
            "parameters": {
              "item/requestv2/prompt": "@{outputs('jobData')}\n\nAdditional Comment: @{outputs('additionalComment')}"
            },
            "authentication": {
              "type": "Raw",
              "value": "@json(decodeBase64(triggerOutputs().headers['X-MS-APIM-Tokens']))['$ConnectionKey']"
            }
          }
        },
        "jobId": {
          "runAfter": {
            "additionalComment": [
              "Succeeded"
            ]
          },
          "metadata": {
            "operationMetadataId": "8f65c0b8-45d8-4d3e-907d-72c97146a293"
          },
          "type": "Compose",
          "inputs": "@triggerBody()['jobId_Inputs']"
        },
        "Update_job_with_generated_description": {
          "runAfter": {
            "FinalGeneratedText": [
              "Succeeded"
            ]
          },
          "metadata": {
            "operationMetadataId": "cdbcfd0d-faeb-451e-96a0-5ae1b0a09472"
          },
          "type": "OpenApiConnection",
          "inputs": {
            "host": {
              "connectionName": "shared_commondataserviceforapps",
              "operationId": "UpdateRecord",
              "apiId": "/providers/Microsoft.PowerApps/apis/shared_commondataserviceforapps"
            },
            "parameters": {
              "entityName": "pc_hrjobopenings",
              "recordId": "@outputs('jobId')",
              "item/pc_jobdescription": "@outputs('FinalGeneratedText')"
            },
            "authentication": {
              "type": "Raw",
              "value": "@json(decodeBase64(triggerOutputs().headers['X-MS-APIM-Tokens']))['$ConnectionKey']"
            }
          }
        },
        "FinalGeneratedText": {
          "runAfter": {
            "Create_text_with_GPT": [
              "Succeeded"
            ]
          },
          "metadata": {
            "operationMetadataId": "865bf79d-a246-4187-b2d7-24d38ebc134c"
          },
          "type": "Compose",
          "inputs": "@replace(outputs('Create_text_with_GPT')?['body/responsev2/predictionOutput/text'], '{Company}', 'PeopleCert')"
        },
        "Respond_to_a_PowerApp_or_flow": {
          "runAfter": {
            "Update_job_with_generated_description": [
              "Succeeded"
            ]
          },
          "metadata": {
            "operationMetadataId": "cf25998e-137d-412a-abde-0be36e3c2cfe"
          },
          "type": "Response",
          "kind": "PowerApp",
          "inputs": {
            "statusCode": 200,
            "body": {
              "flow_ended": "true"
            },
            "schema": {
              "type": "object",
              "properties": {
                "flow_ended": {
                  "title": "Flow_ended",
                  "x-ms-dynamically-added": true,
                  "type": "string"
                }
              }
            }
          }
        }
      }
    },
    "templateName": ""
  },
  "schemaVersion": "1.0.0.0"
}