<ImportExportXml version="9.2.23083.184" SolutionPackageVersion="9.2" languagecode="1033" generatedBy="CrmLive" xmlns:xsi="http://www.w3.org/2001/XMLSchema-instance">
  <SolutionManifest>
    <UniqueName>Hackathon_Athena</UniqueName>
    <LocalizedNames>
      <LocalizedName description="Hackathon_Athena" languagecode="1033" />
    </LocalizedNames>
    <Descriptions />
    <Version>1.0.0.2</Version>
    <Managed>0</Managed>
    <Publisher>
      <UniqueName>peoplecert</UniqueName>
      <LocalizedNames>
        <LocalizedName description="Peoplecert" languagecode="1033" />
      </LocalizedNames>
      <Descriptions />
      <EMailAddress xsi:nil="true"></EMailAddress>
      <SupportingWebsiteUrl xsi:nil="true"></SupportingWebsiteUrl>
      <CustomizationPrefix>pc</CustomizationPrefix>
      <CustomizationOptionValuePrefix>94797</CustomizationOptionValuePrefix>
      <Addresses>
        <Address>
          <AddressNumber>1</AddressNumber>
          <AddressTypeCode>1</AddressTypeCode>
          <City xsi:nil="true"></City>
          <County xsi:nil="true"></County>
          <Country xsi:nil="true"></Country>
          <Fax xsi:nil="true"></Fax>
          <FreightTermsCode xsi:nil="true"></FreightTermsCode>
          <ImportSequenceNumber xsi:nil="true"></ImportSequenceNumber>
          <Latitude xsi:nil="true"></Latitude>
          <Line1 xsi:nil="true"></Line1>
          <Line2 xsi:nil="true"></Line2>
          <Line3 xsi:nil="true"></Line3>
          <Longitude xsi:nil="true"></Longitude>
          <Name xsi:nil="true"></Name>
          <PostalCode xsi:nil="true"></PostalCode>
          <PostOfficeBox xsi:nil="true"></PostOfficeBox>
          <PrimaryContactName xsi:nil="true"></PrimaryContactName>
          <ShippingMethodCode>1</ShippingMethodCode>
          <StateOrProvince xsi:nil="true"></StateOrProvince>
          <Telephone1 xsi:nil="true"></Telephone1>
          <Telephone2 xsi:nil="true"></Telephone2>
          <Telephone3 xsi:nil="true"></Telephone3>
          <TimeZoneRuleVersionNumber xsi:nil="true"></TimeZoneRuleVersionNumber>
          <UPSZone xsi:nil="true"></UPSZone>
          <UTCOffset xsi:nil="true"></UTCOffset>
          <UTCConversionTimeZoneCode xsi:nil="true"></UTCConversionTimeZoneCode>
        </Address>
        <Address>
          <AddressNumber>2</AddressNumber>
          <AddressTypeCode>1</AddressTypeCode>
          <City xsi:nil="true"></City>
          <County xsi:nil="true"></County>
          <Country xsi:nil="true"></Country>
          <Fax xsi:nil="true"></Fax>
          <FreightTermsCode xsi:nil="true"></FreightTermsCode>
          <ImportSequenceNumber xsi:nil="true"></ImportSequenceNumber>
          <Latitude xsi:nil="true"></Latitude>
          <Line1 xsi:nil="true"></Line1>
          <Line2 xsi:nil="true"></Line2>
          <Line3 xsi:nil="true"></Line3>
          <Longitude xsi:nil="true"></Longitude>
          <Name xsi:nil="true"></Name>
          <PostalCode xsi:nil="true"></PostalCode>
          <PostOfficeBox xsi:nil="true"></PostOfficeBox>
          <PrimaryContactName xsi:nil="true"></PrimaryContactName>
          <ShippingMethodCode>1</ShippingMethodCode>
          <StateOrProvince xsi:nil="true"></StateOrProvince>
          <Telephone1 xsi:nil="true"></Telephone1>
          <Telephone2 xsi:nil="true"></Telephone2>
          <Telephone3 xsi:nil="true"></Telephone3>
          <TimeZoneRuleVersionNumber xsi:nil="true"></TimeZoneRuleVersionNumber>
          <UPSZone xsi:nil="true"></UPSZone>
          <UTCOffset xsi:nil="true"></UTCOffset>
          <UTCConversionTimeZoneCode xsi:nil="true"></UTCConversionTimeZoneCode>
        </Address>
      </Addresses>
    </Publisher>
    <RootComponents>
      <RootComponent type="1" schemaName="pc_approvalrequest" behavior="0" />
      <RootComponent type="1" schemaName="pc_country" behavior="0" />
      <RootComponent type="1" schemaName="pc_hrjobopening" behavior="0" />
      <RootComponent type="29" id="{93cb2498-c356-ee11-be6f-00224827b681}" behavior="0" />
      <RootComponent type="300" schemaName="pc_hrrecruitmentcanvasdemo_75898" behavior="0" />
    </RootComponents>
    <MissingDependencies>
      <MissingDependency>
        <Required type="1" schemaName="pc_city" displayName="City" solution="Active" />
        <Dependent type="1" schemaName="pc_country" displayName="Country" />
      </MissingDependency>
      <MissingDependency>
        <Required type="1" schemaName="pc_hr_recruitment_form" displayName="HR_Recruitment_Form" solution="Active" />
        <Dependent type="1" schemaName="pc_country" displayName="Country" />
      </MissingDependency>
      <MissingDependency>
        <Required type="1" schemaName="pc_soicomplaint" displayName="OTC Complaint" solution="Active" />
        <Dependent type="1" schemaName="pc_country" displayName="Country" />
      </MissingDependency>
      <MissingDependency>
        <Required type="9" schemaName="pc_baseapprovalstatus" displayName="Base Approval Status" solution="Active" />
        <Dependent type="2" schemaName="crc6f_approvalstatus" displayName="Approval Status" parentSchemaName="pc_approvalrequest" parentDisplayName="ApprovalRequest" />
      </MissingDependency>
      <MissingDependency>
        <Required type="9" schemaName="pc_country" displayName="Country" solution="Active" />
        <Dependent type="2" schemaName="pc_sourcinglocation" displayName="Sourcing Location" parentSchemaName="pc_hrjobopening" parentDisplayName="HR Job Opening" />
      </MissingDependency>
      <MissingDependency>
        <Required type="9" schemaName="pc_experiencelevel" displayName="Experience level" solution="Active" />
        <Dependent type="2" schemaName="pc_roleseniority" displayName="Role Seniority" parentSchemaName="pc_hrjobopening" parentDisplayName="HR Job Opening" />
      </MissingDependency>
      <MissingDependency>
        <Required type="connectionreference" displayName="pc_sharedcommondataserviceforapps_a8d45" solution="Active" id.connectionreferencelogicalname="pc_sharedcommondataserviceforapps_a8d45" />
        <Dependent type="29" displayName="Generate_Draft_Hack" id="{93cb2498-c356-ee11-be6f-00224827b681}" />
      </MissingDependency>
    </MissingDependencies>
  </SolutionManifest>
</ImportExportXml>